blackhole,net
black hole,net
firewall,net
fp,net
rn,net
rj,net
rx,net
s,net
s,net
loopback,net
autogenerated,net
palo alto,net
auto generated,net
palo alto,net
pci,net
fisma,net
ban,net
5981,net
ls,A48
l&s,A48
physical plant,A71
physical,A71
heating,A71
cooling,A71
electric shop,A71
electric,A71
renovation,A71
carpenter,A71
mason,A71
custodial,A71
chsra,A19
widmir,A90
wid,A90
widmr,A90
morgridge,A90
mir,A90
ath,A42
athletic,A42
athletics,A42
uwhc,uwhc
university hospitals,uwhc
university hospital,uwhc
hospital,uwhc
hospitals,uwhc
uwhealth,uwhc
uw health,uwhc
hospitals and clinics,uwhc
and clincis,uwhc
hospitals and,uwhc
clinics,uwhc
clinic,uwhc
sis,A06
hrs,A06
sfs,A06
orthoped,A53
cyber,A06
cybersecurity,A06
cybersec,A06
cyber security,A06
information technology,A06
anesthesiology,A53
dermatology,A53
emergency medicine,A53
emergency,A53
family medicine,A53
human oncology,A53
dho,A53
medicine,A53
neurological surgery,A53
neurology,A53
neuro,A53
neurosurg,A53
obstetrics and gynecology,A53
obstetrics,A53
gynecology,A53
obgyn,A53
ophthalmology and visual sciences,A53
ophthalmology,A53
ophth,A53
opth,A53
opthalmology,A53
visual sciences,A53
ophth,A53
orthopedics and rehabilitation,A53
orthopedics,A53
ortho,A53
rehabilitation,A53
pathology and laboratory medicine,A53
pathology,A53
pediatrics,A53
psychiatry,A53
radiology,A53
surgery,A53
surgery and urology,A53
fundus,A53
urology,A53
biomolecular chemistry,A53
bmolchem,A53
biostatistics and medical informatics,A53
biostat,A53
biostats,A53
bmi,A53
cell and regenerative biology,A53
crb,A53
medical genetics,A53
medical history and bioethics,A53
medical microbiology and immunology,A53
medical physics,A53
medphysics,A53
neuroscience,A53
oncology,A53
mcardle,A53
cancer,A53
ctri,A53
pophealth,A53
population health,A53
health sciences,A53
phs,A53
area health education,A53
carbone cancer,A53
carbone,A53
cardiovascular,A53
human genomics and precision,A53
tobacco research and intervention,A53
training in pharmacology and drug,A53
pharmacology and drug,A53
urban population health,A53
women's health,A53
womens health,A53
collaborative health,A53
george m. oâ€™brien,A53
george m. obrien,A53
george m obrien,A53
george obrien,A53
global health,A53
healthemotions,A53
health emotions,A53
clinical and translational,A53
ictr,A53
aging,A53
mcpherson,A53
molecular and environmental toxicology,A53
molecular and environmental tox,A53
morris institute,A53
respiratory research,A53
native american health,A53
pediatric,A53
population health,A53
phi,A53
prevention,A53
advanced cell therapy,A53
cell therapy,A53
skin disease,A53
stem cell and regenerative,A53
alzheimer's,A53
alzheimers,A53
institute for sleep,A53
sleep and consciousness,A53
clinical simulation,A53
ebling,A53
media solutions,A53
clinical trials,A53
continuing professional development,A53
cme,A53
uw health maintenance of certification,A53
maintenance of certification,A53
uw foundation,A53
medical alumni association,A53
wisconsin partnership program,A53
rural health,A53
wai,A53
wimr,A53
worh,A53
mmi,A53
anesth,A53
dom,A53
peds,A53
derm,A53
smph,A53
medical school,A53
medschool,A53
med school,A53
mednet,A53
african cultural,A48
african,A48
african culture,A48
afro-american,A48
american indian,A48
anthropology,A48
anthro,A48
art history,A48
art his,A48
asian american,A48
asian languages,A48
asian cultures,A48
asian lang,A48
asian cult,A48
astronomy,A48
atmospheric and oceanic,A48
atmospheric & oceanic,A48
atmospheric,A48
oceanic,A48
aaos,A48
biology,A48
bio,A48
botany,A48
chemistry,A48
chem,A48
latin,A48
latina,A48
latino,A48
chicano,A48
chicana,A48
latino,A48
latina,A48
classical and ancient near eastern,A48
classical & ancient,A48
near eastern,A48
communication arts,A48
comm arts,A48
communication sciences and disorders,A48
csd,A48
comm sci,A48
comm sciences,A48
computer sciences,A48
compsci,A48
cs,A48
cae,A19
computer,A48
comp sci,A48
conservation biology,A48
conservation bio,A48
creative writing,A48
criminal justice,A48
economics,A48
econ,A48
english,A48
esl,A48
french and italian,A48
french & italian,A48
french,A48
italian,A48
gender and women's,A48
gender & women's,A48
geography,A48
geog,A48
geogr,A48
geoscience,A48
uwgeoscience,A48
geo sci,A48
geosci,A48
geology,A48
geol,A48
geophysics,A48
geophys,A48
german,A48
nordic,A48
slavic,A48
slavic+,A48
history,A48
honors,A48
information school,A48
ischool,A48
integrated liberal,A48
ils,A48
zoology,A48
zoo,A48
integrative biology,A48
integrative bio,A48
interdisciplinary theatre,A48
interdisciplinary theater,A48
theatre,A48
theater,A48
its,A48
journalism & mass communication,A48
mass comm,A48
sjmc,A48
la follette,A48
public affairs,A48
lafollette,A48
language sciences,A48
lang sci,A48
langsci,A48
legal,A48
mathematics,A48
math,A48
medieval,A48
molecular biology,A48
molecular bio,A48
mead witter,A48
school of music,A48
music school,A48
philosophy,A48
philos,A48
physics,A48
physic,A48
planning and landscape,A48
planning & landscape,A48
landscape architecture,A48
land arch,A48
landscape arch,A48
political science,A48
polisci,A48
poli sci,A48
psychology,A48
psych,A48
religious,A48
religion,A48
religions,A48
sandra rosenbaum,A48
rosenbaum,A48
social work,A48
second language acquisition,A48
second language,A48
language acquisition,A48
lang acq,A48
lang acqu,A48
lang acquisition,A48
second lang,A48
2nd lang,A48
sociology,A48
socio,A48
spanish,A48
portuguese,A48
statistics,A48
stats,A48
aaae,A07
agriculture,A07
agricultural,A07
ag,A07
& applied economics,A07
& applied econ,A07
and applied econ,A07
and applied economics,A07
agronomy,A07
agron,A07
dairy,A07
bact,A07
bacterio,A07
bacteriology,A07
biochemistry,A07
biochem,A07
biological,A07
community and environ,A07
community & environ,A07
community and environmental,A07
community & environmental,A07
community and environment,A07
community & environment,A07
environmental sociology,A07
environ sociology,A07
env socio,A07
ent,A07
entomology,A07
ento,A07
entomo,A07
food,A07
forest,A07
forestry,A07
wildlife,A07
ecology,A07
genetic,A07
genetics,A07
horti,A07
horticult,A07
horticulture,A07
life sci,A07
life science,A07
life sciences,A07
nutrition,A07
nutritional,A07
plant,A07
entomology,A07
ent,A07
russell,A07
plants,A07
soil,A07
soils,A07
applied population,A07
applied pop,A07
community and economic,A07
community & economic,A07
comm & econ,A07
comm and econ,A07
comm & economic,A07
comm and economic,A07
community & econ,A07
community and econ,A07
ctr for community,A07
ctr for comm,A07
center for comm,A07
center for community,A07
center for cooperatives,A07
center for coops,A07
cooperatives,A07
coops,A07
coop,A07
j.f. crow,A07
jf crow,A07
evolution,A07
nutrient,A07
pest,A07
renk,A07
agribusiness,A07
usda,A07
forage,A07
crop,A07
general education,A01
general ed,A01
gen education,A01
gen ed,A01
gened,A01
general services,A02
general service,A02
general svcs,A02
general svc,A02
gen services,A02
gen service,A02
gen svcs,A02
gen svc,A02
gensvcs,A02
gensvc,A02
aims,A02
aim,A02
business services,A03
business service,A03
business svcs,A03
business svc,A03
bus services,A03
bus service,A03
bus svcs,A03
bus svc,A03
bussvcs,A03
bussvc,A03
student life,A04
dosl,A04
dsl,A04
enrollment,A05
enroll,A05
em,A05
enrol,A05
international,A10
intl,A10
business,A12
sob,A12
wsob,A12
bus,A12
bussch,A12
busi,A12
soe,A17
education,A17
ed,A17
art,A17
counseling,A17
curriculum,A17
instruction,A17
dance,A17
policy,A17
leadership,A17
edpsych,A17
kinesiology,A17
kines,A17
rehab pscyh,A17
specialed,A17
special,A17
theater,A17
theatre,A17
drama,A17
theatre&drama,A17
theater&drama,A17
arts institute,A18
art institute,A18
coe,A19
engineering,A19
nuclear,A19
mechanical,A19
industrial,A19
civil,A19
electrical,A19
biomedical,A19
chemical,A19
bme,A19
cbe,A19
ece,A19
epd,A19
engr,A19
material,A19
materials,A19
mech,A19
meche,A19
mechanic,A19
mechancis,A19
sohe,A27
human ecology,A27
human eco,A27
human ecol,A27
rarc,A34
graduate,A34
ovcrge,A34
ssec,A34
space,A34
vcrge,A34
grad,A34
gradsch,A34
research,A34
t&l,A37
tl,A37
teaching,A37
learning,A37
teaching&learning,A37
teach&learn,A37
teach,A37
learn,A37
learnuw,A37
nelson,A40
law,A45
legal,A45
public media,A46
wpm,A46
extension,A47
uwcx,A47
ext,A47
uwextension,A47
uwext,A47
uwex,A47
gls,A49
ltg,A49
library,A49
whs,A49
historical,A49
wslh,A52
hygiene,A52
state lab,A52
nursing,A54
son,A54
nurse,A54
pharmacy,A56
pharm,A56
tox,A56
toxicology,A56
pharmtox,A56
uhs,A57
health services,A57
health service,A57
health svcs,A57
health svc,A57
officer,A63
fp&m,A71
facilities,A71
planning,A71
maintenance,A71
fpm,A71
facility,A71
space management,A71
smo,A71
uwpd,A77
pd,A77
police,A77
recreational,A80
rec sports,A80
rec,A80
sports,A80
housing,A85
uhouse,A85
univ hous,A85
univ house,A85
uhousing,A85
wvdl,A88
veterinary diag,A88
vet diag,A88
vetdiag,A88
vet,A87
vetmed,A87
veterinary,A87
vet med,A87
continuing,A93
cont studies,A93
cont study,A93
continue,A93
contstud,A93
constud,A93
con stud,A93
cont stud,A93
cont studies,A93
cont study,A93
con studies,A93
con study,A93
cont studies,A93
union,A96
wiscunion,A96
memorial,A96
usouth,A96
unionsouth,A96
unsouth,A96
wiscunion,A96
network services,A06
voice services,A06
voice svcs,A06
network svcs,A06
voice svc,A06
network svc,A06
voicemail,net
voice mail,net
voip,net
mgmt,net
management,net
video security,A77
bucky backup,A06
atos,net
icecube,A34
ice cube,A34
wipac,A34
netbeez,net
fluno,A12
wiscmail,A06
transit,net
remote,net
child welfare,A48
ccwpp,A48
communications,A48
democracy,A48
comm arts,A48
communications,A48
comms,A48
commarts,A48
cows,A48
demography,A48
ecology,A48
elections,A48
environmental communication,A48
env comm,A48
environ comm,A48
havens ,A48
social,A48
harlow,A48
health economics,A48
health econ,A48
healthy minds,A48
healthy mind,A48
chm,A48
cartography,A48
print and digital,A48
print & digital,A48
print&digital,A48
holtz,A48
journalism,A48
journal,A48
law society and justice,A48
law society & justice,A48
liberal,A48
mass communication,A48
mass comm,A48
masscomm,A48
politics,A48
politic,A48
political,A48
poverty,A48
irp,A48
psychology,A48
sscc,A48
ssrs,A48
tribal,A48
survey center,A48
uwsc,A48
cartographers,A48
cartographer,A48
sco,A48
waisman,A53
doit,A06
